[
  {
    "value": "Clogged",
    "synonyms": [
      "Clogged",
      "Blocked",
      "Choked",
      "Jammed",
      "Stuck",
      "clog",
      "clogged drain",
      "drain jam",
      "drain chokd",
      "clogged up"
    ]
  },
  {
    "value": "Broken",
    "synonyms": [
      "Broken",
      "Damaged",
      "Cracked",
      "Destroyed",
      "broken drain",
      "break",
      "damagd",
      "snapped",
      "fractured"
    ]
  },
  {
    "value": "Stagnant Water",
    "synonyms": [
      "Stagnant Water",
      "Standing Water",
      "Water Logging",
      "Flooding",
      "stagnant puddle",
      "water stagnation",
      "standing puddle",
      "stagnent water"
    ]
  },
  {
    "value": "Overflow",
    "synonyms": [
      "Overflow",
      "Overflowing",
      "Spilling Over",
      "Full",
      "overflowing drain",
      "spillover",
      "over flow",
      "flooded drain",
      "overflowd"
    ]
  },
  {
    "value": "Missing Cover",
    "synonyms": [
      "Missing Cover",
      "Open Drain",
      "No Cover",
      "Uncovered",
      "open manhole",
      "cover missing",
      "no lid",
      "missing top",
      "open drain"
    ]
  },
  {
    "value": "Bad Smell",
    "synonyms": [
      "Bad Smell",
      "Foul Odor",
      "Stink",
      "Bad Odor",
      "smelly drain",
      "bad odr",
      "stench",
      "rotten smell",
      "odor issue"
    ]
  }
]