[
  {
    "value": "New York",
    "synonyms": [
      "New York",
      "NYC",
      "Big Apple",
      "NY",
      "NewYork",
      "new york",
      "ny city",
      "New Yrok",
      "N.Y.C.",
      "New York City",
      "NY State",
      "NYC area",
      "NY boroughs"
    ]
  },
  {
    "value": "London",
    "synonyms": [
      "London",
      "LDN",
      "City of London",
      "Greater London",
      "london",
      "Londen",
      "London City",
      "London Boroughs",
      "London area",
      "London UK"
    ]
  },
  {
    "value": "Mumbai",
    "synonyms": [
      "Mumbai",
      "Bombay",
      "mumbai",
      "Mumabai",
      "Maximum City",
      "Bambai",
      "Mumbai City",
      "Mumbai Suburbs",
      "Mumbai area"
    ]
  },
  {
    "value": "Delhi",
    "synonyms": [
      "Delhi",
      "New Delhi",
      "DL",
      "NCR",
      "delhi",
      "Dilli",
      "Dehli",
      "Delhi NCR",
      "Delhi City",
      "Delhi area"
    ]
  },
  {
    "value": "California",
    "synonyms": [
      "California",
      "CA",
      "Calif",
      "Cali",
      "Kalifornia",
      "ca",
      "Golden State",
      "California State",
      "California area"
    ]
  },
  {
    "value": "India",
    "synonyms": [
      "India",
      "Bharat",
      "Republic of India",
      "Hindustan",
      "india",
      "Bharatvarsh",
      "Indian Subcontinent",
      "India country"
    ]
  },
  {
    "value": "United States",
    "synonyms": [
      "United States",
      "USA",
      "America",
      "US",
      "U.S.",
      "United States of America",
      "the States",
      "Amerika",
      "US country",
      "USA area"
    ]
  },
  {
    "value": "MG Road",
    "synonyms": [
      "MG Road",
      "Mahatma Gandhi Road",
      "MG Rd",
      "Main Road",
      "MG raod",
      "mg road",
      "mgroad",
      "Mahatama Gandhi Rd",
      "M G Road",
      "MGRoad",
      "Mahatma Ghandi Road"
    ]
  },
  {
    "value": "Sector 12",
    "synonyms": [
      "Sector 12",
      "Sec 12",
      "Sector XII",
      "S12",
      "sector12",
      "sector-12",
      "Secter 12",
      "Sector Twelve",
      "Sec XII"
    ]
  },
  {
    "value": "Raj Nagar",
    "synonyms": [
      "Raj Nagar",
      "Rajnagar",
      "Raj Ngr",
      "raj nagar",
      "Raj Nagar Ext",
      "Rajnagr",
      "Raj Nagar Extension",
      "Raj Nagar area"
    ]
  },
  {
    "value": "ZIP 10001",
    "synonyms": [
      "ZIP 10001",
      "10001",
      "New York ZIP 10001",
      "zip-10001",
      "ny 10001",
      "ZIP code 10001",
      "NY ZIP 10001"
    ]
  },
  {
    "value": "PIN 110001",
    "synonyms": [
      "PIN 110001",
      "110001",
      "Delhi PIN 110001",
      "pin-110001",
      "dl 110001",
      "PIN code 110001"
    ]
  },
  {
    "value": "Connaught Place",
    "synonyms": [
      "Connaught Place",
      "CP",
      "Inner Circle",
      "Central Delhi",
      "connaught place",
      "Cannought Place",
      "CP Delhi",
      "Connaught Pl",
      "Connaught Plaza"
    ]
  },
  {
    "value": "Bandra",
    "synonyms": [
      "Bandra",
      "Bandra West",
      "Bandra East",
      "bandra",
      "Bandaraa",
      "Bandra Kurla",
      "Bandra area",
      "Bandra station"
    ]
  },
  {
    "value": "Koramangala",
    "synonyms": [
      "Koramangala",
      "Koramangala 1st Block",
      "KMG",
      "koramangala",
      "Koramngla",
      "Koramangla",
      "Koramangala Block",
      "Koramangala area"
    ]
  },
  {
    "value": "Andheri",
    "synonyms": [
      "Andheri",
      "Andheri East",
      "Andheri West",
      "Andehri",
      "Adheri",
      "andheri",
      "Andhrii",
      "Andheri stn",
      "Andheri Station",
      "Andheri area"
    ]
  },
  {
    "value": "Gurgaon",
    "synonyms": [
      "Gurgaon",
      "Gurugram",
      "GGN",
      "gurgaon",
      "gurugram",
      "Gurgoan",
      "Ggn City",
      "Gurgaon area",
      "Gurgaon City"
    ]
  },
  {
    "value": "Noida",
    "synonyms": [
      "Noida",
      "New Okhla Industrial Development Authority",
      "Noidia",
      "noida",
      "N.O.I.D.A",
      "Noida area",
      "Noida City"
    ]
  },
  {
    "value": "Whitefield",
    "synonyms": [
      "Whitefield",
      "White Field",
      "IT Hub",
      "whitefield",
      "Whitefeild",
      "White Field Bengaluru",
      "Whitefield area",
      "Whitefield Bangalore"
    ]
  },
  {
    "value": "Electronic City",
    "synonyms": [
      "Electronic City",
      "E City",
      "Electronics City",
      "electronic city",
      "E-city",
      "Electronic Cty",
      "Electronic City area",
      "Electronic City Bangalore"
    ]
  },
  {
    "value": "Malad",
    "synonyms": [
      "Malad",
      "Malad West",
      "Malad East",
      "malad",
      "mald",
      "Malad area",
      "Malad Mumbai"
    ]
  },
  {
    "value": "Worldwide",
    "synonyms": [
      "Worldwide",
      "World Wide",
      "Global",
      "International",
      "Earth",
      "Planet",
      "Worldwide area",
      "World",
      "Globe",
      "All countries",
      "Everywhere"
    ]
  },
  {
    "value": "Park",
    "synonyms": [
      "Park",
      "Public Park",
      "City Park",
      "Garden",
      "Playground",
      "park area",
      "park ground",
      "Parkland",
      "Park zone"
    ]
  },
  {
    "value": "Building",
    "synonyms": [
      "Building",
      "Apartment",
      "Tower",
      "Complex",
      "Block",
      "building area",
      "building complex",
      "building block",
      "building tower"
    ]
  },
  {
    "value": "Road",
    "synonyms": [
      "Road",
      "Street",
      "Avenue",
      "Lane",
      "Boulevard",
      "road area",
      "road street",
      "road lane",
      "road avenue"
    ]
  },
  {
    "value": "City",
    "synonyms": [
      "City",
      "Town",
      "Urban Area",
      "Municipality",
      "Metropolis",
      "city area",
      "city center",
      "city zone",
      "city town"
    ]
  }
]