[
  {
    "value": "Minor",
    "synonyms": [
      "Minor",
      "minor",
      "Small",
      "Little",
      "Slight",
      "Small Crack",
      "minor pothole",
      "tiny",
      "small dip",
      "minor hole",
      "lite damage"
    ]
  },
  {
    "value": "Moderate",
    "synonyms": [
      "Moderate",
      "moderate",
      "Medium",
      "Average",
      "Normal Size",
      "medium pothole",
      "moderate hole",
      "mid size",
      "average pothole",
      "moderet"
    ]
  },
  {
    "value": "Severe",
    "synonyms": [
      "Severe",
      "severe",
      "Big",
      "Large",
      "Deep",
      "Dangerous",
      "Major",
      "Huge",
      "huge pothole",
      "severe hole",
      "deep pit",
      "big pothole",
      "danger pothole"
    ]
  },
  {
    "value": "Very Severe",
    "synonyms": [
      "Very Severe",
      "Very severe",
      "very severe",
      "Extremely Deep",
      "Very Dangerous",
      "Critical",
      "Emergency",
      "critical pothole",
      "very deep",
      "life threatening",
      "emergency hole",
      "very sever"
    ]
  }
]