[
  {
    "value": "Leakage",
    "synonyms": [
      "Leakage",
      "Water Leak",
      "Pipe Leak",
      "Burst Pipe",
      "Water Dripping",
      "leaky",
      "leak",
      "pipe leaking",
      "waterr leak",
      "leakage issue",
      "Water Leakage",
      "water leakage",
      "leakge",
      "leakeage",
      "lekage"
    ]
  },
  {
    "value": "Low Pressure",
    "synonyms": [
      "Low Pressure",
      "Weak Flow",
      "Poor Pressure",
      "Less Water",
      "low flow",
      "pressure drop",
      "low pressur",
      "slow water"
    ]
  },
  {
    "value": "No Water",
    "synonyms": [
      "No Water",
      "Water Cut",
      "No Supply",
      "Water Shortage",
      "no supply",
      "water shutdown",
      "zero water",
      "no watr",
      "dry tap"
    ]
  },
  {
    "value": "Dirty Water",
    "synonyms": [
      "Dirty Water",
      "Contaminated Water",
      "Muddy Water",
      "Polluted Water",
      "dirty tap",
      "brown water",
      "dirty watr",
      "unclean water",
      "smelly water"
    ]
  },
  {
    "value": "Pipe Burst",
    "synonyms": [
      "Pipe Burst",
      "Broken Pipe",
      "Pipeline Break",
      "Water Main Break",
      "pipe burst",
      "pipe brake",
      "burst pipeline",
      "pipe blew"
    ]
  },
  {
    "value": "Quality Issue",
    "synonyms": [
      "Quality Issue",
      "Bad Taste",
      "Smell",
      "Color Problem",
      "Water Quality",
      "water taste",
      "bad water taste",
      "quality prblm",
      "smelly tap",
      "odd colour"
    ]
  }
]