[
  {
    "id": "9a5c3b19-87b2-466f-9ea2-7a9e704df5b0",
    "data": [
      {
        "text": "any updates",
        "userDefined": false
      }
    ],
    "isTemplate": false,
    "count": 0,
    "lang": "en",
    "updated": 0
  },
  {
    "id": "d1f41a3a-3be5-4bb7-b04e-2f303c25a3fb",
    "data": [
      {
        "text": "any update?",
        "userDefined": false
      }
    ],
    "isTemplate": false,
    "count": 0,
    "lang": "en",
    "updated": 0
  },
  {
    "id": "3e1842e6-2454-4bd9-89f5-4d0416c9b1a9",
    "data": [
      {
        "text": "what\u0027s the latest status",
        "userDefined": false
      }
    ],
    "isTemplate": false,
    "count": 0,
    "lang": "en",
    "updated": 0
  },
  {
    "id": "c5e2ebf4-7fbc-42b7-90b7-9a6ce3d3b5ad",
    "data": [
      {
        "text": "has it been resolved",
        "userDefined": false
      }
    ],
    "isTemplate": false,
    "count": 0,
    "lang": "en",
    "updated": 0
  }
]