[
  {
    "id": "6db50611-8a48-4f62-8bbc-1cff36a0e1c3",
    "data": [
      {
        "text": "What is the status of my complaint",
        "userDefined": false
      }
    ],
    "isTemplate": false,
    "count": 0,
    "lang": "en",
    "updated": 0
  },
  {
    "id": "89b0d991-d921-4b49-a854-d16a1d9cbca6",
    "data": [
      {
        "text": "Check complaint status",
        "userDefined": false
      }
    ],
    "isTemplate": false,
    "count": 0,
    "lang": "en",
    "updated": 0
  },
  {
    "id": "78a91cf5-5683-483d-8089-366442417d06",
    "data": [
      {
        "text": "Is my issue resolved",
        "userDefined": false
      }
    ],
    "isTemplate": false,
    "count": 0,
    "lang": "en",
    "updated": 0
  },
  {
    "id": "96318ea8-38f8-4b93-83ef-caed722e9cc0",
    "data": [
      {
        "text": "Track my complaint",
        "userDefined": false
      }
    ],
    "isTemplate": false,
    "count": 0,
    "lang": "en",
    "updated": 0
  },
  {
    "id": "b74d9579-7b1b-4dd0-913a-ef31f4a44f7d",
    "data": [
      {
        "text": "Update on my issue",
        "userDefined": false
      }
    ],
    "isTemplate": false,
    "count": 0,
    "lang": "en",
    "updated": 0
  },
  {
    "id": "f5ba0233-54f2-4de2-b3d4-6955f73be531",
    "data": [
      {
        "text": "Progress on complaint",
        "userDefined": false
      }
    ],
    "isTemplate": false,
    "count": 0,
    "lang": "en",
    "updated": 0
  },
  {
    "id": "82dc2eb2-379d-4cf3-93a9-3c14d6f77672",
    "data": [
      {
        "text": "When will it be fixed",
        "userDefined": false
      }
    ],
    "isTemplate": false,
    "count": 0,
    "lang": "en",
    "updated": 0
  },
  {
    "id": "96a0b18f-2c0e-4cab-ba7b-507cbf9cf5b2",
    "data": [
      {
        "text": "Status check",
        "userDefined": false
      }
    ],
    "isTemplate": false,
    "count": 0,
    "lang": "en",
    "updated": 0
  },
  {
    "id": "2b764212-7ed0-40bb-a88a-29d9aa6a0d81",
    "data": [
      {
        "text": "Follow up on complaint",
        "userDefined": false
      }
    ],
    "isTemplate": false,
    "count": 0,
    "lang": "en",
    "updated": 0
  },
  {
    "id": "3bbb3f3f-ad57-4c3c-8b23-4b78c841593d",
    "data": [
      {
        "text": "follow up on complaint",
        "userDefined": false
      }
    ],
    "isTemplate": false,
    "count": 0,
    "lang": "en",
    "updated": 0
  }
]