[
  {
    "id": "86509c61-7d03-4a4f-8b4a-06e7ed864ac7",
    "data": [
      {
        "text": "I want to update my complaint",
        "userDefined": false
      }
    ],
    "isTemplate": false,
    "count": 0,
    "lang": "en",
    "updated": 0
  },
  {
    "id": "979b1a04-f148-41c1-9144-9dafbea43763",
    "data": [
      {
        "text": "Add more details",
        "userDefined": false
      }
    ],
    "isTemplate": false,
    "count": 0,
    "lang": "en",
    "updated": 0
  },
  {
    "id": "0877c3f8-24a4-4043-b7ac-44a2f9bde445",
    "data": [
      {
        "text": "Modify complaint",
        "userDefined": false
      }
    ],
    "isTemplate": false,
    "count": 0,
    "lang": "en",
    "updated": 0
  },
  {
    "id": "30f74279-772c-4f53-99a1-266d117df627",
    "data": [
      {
        "text": "Change complaint details",
        "userDefined": false
      }
    ],
    "isTemplate": false,
    "count": 0,
    "lang": "en",
    "updated": 0
  },
  {
    "id": "6baa0c15-fd57-4ec6-bc96-7946c99fa480",
    "data": [
      {
        "text": "Additional information",
        "userDefined": false
      }
    ],
    "isTemplate": false,
    "count": 0,
    "lang": "en",
    "updated": 0
  },
  {
    "id": "55768811-70f5-4f0b-a7c3-0c3ef669dbe4",
    "data": [
      {
        "text": "Update location",
        "userDefined": false
      }
    ],
    "isTemplate": false,
    "count": 0,
    "lang": "en",
    "updated": 0
  },
  {
    "id": "6e311492-4503-4dc8-bbc2-773899270444",
    "data": [
      {
        "text": "Correct my complaint",
        "userDefined": false
      }
    ],
    "isTemplate": false,
    "count": 0,
    "lang": "en",
    "updated": 0
  },
  {
    "id": "a54cd848-c079-4375-8510-01957d9cd88c",
    "data": [
      {
        "text": "Edit complaint",
        "userDefined": false
      }
    ],
    "isTemplate": false,
    "count": 0,
    "lang": "en",
    "updated": 0
  },
  {
    "id": "81622f50-ad9f-4e9f-81a1-47e283365ad6",
    "data": [
      {
        "text": "New information available",
        "userDefined": false
      }
    ],
    "isTemplate": false,
    "count": 0,
    "lang": "en",
    "updated": 0
  },
  {
    "id": "54f6adb9-b0e4-4bf5-a043-763c55f12f8a",
    "data": [
      {
        "text": "Revise complaint",
        "userDefined": false
      }
    ],
    "isTemplate": false,
    "count": 0,
    "lang": "en",
    "updated": 0
  }
]