[
  {
    "id": "f776b5ab-207f-46c7-9df6-3ba30081dad9",
    "data": [
      {
        "text": "Drain is blocked",
        "userDefined": false
      }
    ],
    "isTemplate": false,
    "count": 0,
    "lang": "en",
    "updated": 0
  },
  {
    "id": "d9a56087-29e5-4ba6-b9c1-b53ade517dcc",
    "data": [
      {
        "text": "Sewerage problem",
        "userDefined": false
      }
    ],
    "isTemplate": false,
    "count": 0,
    "lang": "en",
    "updated": 0
  },
  {
    "id": "edc5e1c4-b62d-4f44-8d5d-03a0a0d52f3f",
    "data": [
      {
        "text": "Water logging on road",
        "userDefined": false
      }
    ],
    "isTemplate": false,
    "count": 0,
    "lang": "en",
    "updated": 0
  },
  {
    "id": "6f9bb232-237c-4a95-8fd6-186d2f23702e",
    "data": [
      {
        "text": "Manholes are overflowing",
        "userDefined": false
      }
    ],
    "isTemplate": false,
    "count": 0,
    "lang": "en",
    "updated": 0
  },
  {
    "id": "3558dc77-7792-4ed2-b921-6cb86330f224",
    "data": [
      {
        "text": "Stagnant water everywhere",
        "userDefined": false
      }
    ],
    "isTemplate": false,
    "count": 0,
    "lang": "en",
    "updated": 0
  },
  {
    "id": "9a2cf60a-0da8-4331-838c-6f70290e2093",
    "data": [
      {
        "text": "Drainage cover is missing",
        "userDefined": false
      }
    ],
    "isTemplate": false,
    "count": 0,
    "lang": "en",
    "updated": 0
  },
  {
    "id": "c04d43be-9453-4e5b-8b04-cd89d4909bbc",
    "data": [
      {
        "text": "Bad smell from drain",
        "userDefined": false
      }
    ],
    "isTemplate": false,
    "count": 0,
    "lang": "en",
    "updated": 0
  },
  {
    "id": "b2ad4f4a-60af-4cc7-9425-4d69bc7ae35f",
    "data": [
      {
        "text": "Clogged drain",
        "userDefined": false
      }
    ],
    "isTemplate": false,
    "count": 0,
    "lang": "en",
    "updated": 0
  },
  {
    "id": "e842a1c5-01dd-4c07-8800-1a114e35d3bf",
    "data": [
      {
        "text": "Broken drainage system",
        "userDefined": false
      }
    ],
    "isTemplate": false,
    "count": 0,
    "lang": "en",
    "updated": 0
  },
  {
    "id": "24ebf0c5-252e-487c-8446-de1bb4041711",
    "data": [
      {
        "text": "Gutter overflow",
        "userDefined": false
      }
    ],
    "isTemplate": false,
    "count": 0,
    "lang": "en",
    "updated": 0
  },
  {
    "id": "2d0f4011-f76b-4c52-8a6a-9537b2ce0f04",
    "data": [
      {
        "text": "Drainage issue",
        "userDefined": false
      }
    ],
    "isTemplate": false,
    "count": 0,
    "lang": "en",
    "updated": 0
  },
  {
    "id": "53f22809-42dc-4a2d-9ac1-2d9cd0959eb4",
    "data": [
      {
        "text": "Report drainage complaint",
        "userDefined": false
      }
    ],
    "isTemplate": false,
    "count": 0,
    "lang": "en",
    "updated": 0
  }
]