[
  {
    "id": "b8d1377d-2d1b-4409-8caa-3aa7e1dbbb9a",
    "data": [
      {
        "text": "Clogged",
        "userDefined": false
      }
    ],
    "isTemplate": false,
    "count": 0,
    "lang": "en",
    "updated": 0
  },
  {
    "id": "25dca87e-5c5f-4f5d-b1a0-e59e3d86ee07",
    "data": [
      {
        "text": "Overflow",
        "userDefined": false
      }
    ],
    "isTemplate": false,
    "count": 0,
    "lang": "en",
    "updated": 0
  },
  {
    "id": "0fbf01a5-7bf4-46bf-bc7c-fe16f4d44c66",
    "data": [
      {
        "text": "Stagnant water",
        "userDefined": false
      }
    ],
    "isTemplate": false,
    "count": 0,
    "lang": "en",
    "updated": 0
  },
  {
    "id": "f4567c24-f23e-46d5-a6a1-21203ea43f1f",
    "data": [
      {
        "text": "Broken drain",
        "userDefined": false
      }
    ],
    "isTemplate": false,
    "count": 0,
    "lang": "en",
    "updated": 0
  },
  {
    "id": "3e36d526-783a-4d59-b470-13cf2663abcc",
    "data": [
      {
        "text": "Missing cover",
        "userDefined": false
      }
    ],
    "isTemplate": false,
    "count": 0,
    "lang": "en",
    "updated": 0
  }
]