[
  {
    "id": "8efaf147-630e-4886-9a80-aa31f8af35cd",
    "data": [
      {
        "text": "My complaint is not resolved",
        "userDefined": false
      }
    ],
    "isTemplate": false,
    "count": 0,
    "lang": "en",
    "updated": 0
  },
  {
    "id": "ec3d4885-db99-4c96-90a9-5c58f523d5f7",
    "data": [
      {
        "text": "Escalate this issue",
        "userDefined": false
      }
    ],
    "isTemplate": false,
    "count": 0,
    "lang": "en",
    "updated": 0
  },
  {
    "id": "9c72a337-668b-4f9e-b076-d99e5975bb94",
    "data": [
      {
        "text": "Speak to supervisor",
        "userDefined": false
      }
    ],
    "isTemplate": false,
    "count": 0,
    "lang": "en",
    "updated": 0
  },
  {
    "id": "10136dee-a762-4c3f-aed5-16ead380e624",
    "data": [
      {
        "text": "Higher authority",
        "userDefined": false
      }
    ],
    "isTemplate": false,
    "count": 0,
    "lang": "en",
    "updated": 0
  },
  {
    "id": "2353f19b-1f62-4325-91df-7f6aae5c74a5",
    "data": [
      {
        "text": "Not satisfied with response",
        "userDefined": false
      }
    ],
    "isTemplate": false,
    "count": 0,
    "lang": "en",
    "updated": 0
  },
  {
    "id": "a08c420c-e177-4f8b-9214-64571968eb27",
    "data": [
      {
        "text": "Need senior officer",
        "userDefined": false
      }
    ],
    "isTemplate": false,
    "count": 0,
    "lang": "en",
    "updated": 0
  },
  {
    "id": "bde0d8d6-bfa3-4e24-be28-9e87f6f949a1",
    "data": [
      {
        "text": "Complaint pending for long",
        "userDefined": false
      }
    ],
    "isTemplate": false,
    "count": 0,
    "lang": "en",
    "updated": 0
  },
  {
    "id": "4bec3660-d213-4d43-9d06-a860b12dabe5",
    "data": [
      {
        "text": "No action taken",
        "userDefined": false
      }
    ],
    "isTemplate": false,
    "count": 0,
    "lang": "en",
    "updated": 0
  },
  {
    "id": "9e9f4542-c5ab-4056-8d62-a9ad5043a486",
    "data": [
      {
        "text": "Escalate to manager",
        "userDefined": false
      }
    ],
    "isTemplate": false,
    "count": 0,
    "lang": "en",
    "updated": 0
  },
  {
    "id": "e77976d8-097e-4f3f-96fb-6ff9347d350c",
    "data": [
      {
        "text": "File formal complaint",
        "userDefined": false
      }
    ],
    "isTemplate": false,
    "count": 0,
    "lang": "en",
    "updated": 0
  }
]