[
  {
    "id": "3d08e2a4-2dcb-4f66-94a0-35c73f0dcb15",
    "data": [
      {
        "text": "I want to file a complaint",
        "userDefined": false
      }
    ],
    "isTemplate": false,
    "count": 0,
    "lang": "en",
    "updated": 0
  },
  {
    "id": "da781a72-2a9b-4717-a4b2-41d2e9f650d0",
    "data": [
      {
        "text": "I have an issue to report",
        "userDefined": false
      }
    ],
    "isTemplate": false,
    "count": 0,
    "lang": "en",
    "updated": 0
  },
  {
    "id": "041ac515-5b59-4d55-bdd9-1a19f8a781fc",
    "data": [
      {
        "text": "Can I raise a civic complaint?",
        "userDefined": false
      }
    ],
    "isTemplate": false,
    "count": 0,
    "lang": "en",
    "updated": 0
  },
  {
    "id": "4bccb2fb-6480-4284-854a-cb1a1fef5051",
    "data": [
      {
        "text": "I need help with a civic problem",
        "userDefined": false
      }
    ],
    "isTemplate": false,
    "count": 0,
    "lang": "en",
    "updated": 0
  },
  {
    "id": "9f0e808d-1a29-47df-9429-4f8c0f1ce4f6",
    "data": [
      {
        "text": "Help me",
        "userDefined": false
      }
    ],
    "isTemplate": false,
    "count": 0,
    "lang": "en",
    "updated": 0
  },
  {
    "id": "caa8be2c-259e-4ef9-b888-684af7f3b29f",
    "data": [
      {
        "text": "I need help",
        "userDefined": false
      }
    ],
    "isTemplate": false,
    "count": 0,
    "lang": "en",
    "updated": 0
  },
  {
    "id": "f0a81531-2f3d-4bff-9b78-74f046af6cb2",
    "data": [
      {
        "text": "Help me report an issue",
        "userDefined": false
      }
    ],
    "isTemplate": false,
    "count": 0,
    "lang": "en",
    "updated": 0
  }
]