[
  {
    "id": "27f5866f-25de-4aca-a5f5-1c2b5826bf78",
    "data": [
      {
        "text": "minor",
        "meta": "@pothole_severity",
        "alias": "pothole_severity",
        "userDefined": false
      }
    ],
    "isTemplate": false,
    "count": 0,
    "lang": "en",
    "updated": 0
  },
  {
    "id": "84e2f63b-1234-4d38-9544-32ce6edf1240",
    "data": [
      {
        "text": "moderate",
        "meta": "@pothole_severity",
        "alias": "pothole_severity",
        "userDefined": false
      }
    ],
    "isTemplate": false,
    "count": 0,
    "lang": "en",
    "updated": 0
  },
  {
    "id": "c07d9b54-2baf-4f22-83de-02b8999f6d25",
    "data": [
      {
        "text": "severe",
        "meta": "@pothole_severity",
        "alias": "pothole_severity",
        "userDefined": false
      }
    ],
    "isTemplate": false,
    "count": 0,
    "lang": "en",
    "updated": 0
  },
  {
    "id": "a1f2d3b4-5678-4c1d-9f01-2a3b4c5d6e7f",
    "data": [
      {
        "text": "very severe",
        "meta": "@pothole_severity",
        "alias": "pothole_severity",
        "userDefined": false
      }
    ],
    "isTemplate": false,
    "count": 0,
    "lang": "en",
    "updated": 0
  },
  {
    "id": "83ab62e4-6cc8-4d4f-ba45-7732b77f7a94",
    "data": [
      {
        "text": "It\u0027s very severe",
        "userDefined": false
      }
    ],
    "isTemplate": false,
    "count": 0,
    "lang": "en",
    "updated": 0
  },
  {
    "id": "6aec96e5-2f8f-45bd-9ee1-25e2297f9133",
    "data": [
      {
        "text": "The pothole is severe",
        "userDefined": false
      }
    ],
    "isTemplate": false,
    "count": 0,
    "lang": "en",
    "updated": 0
  }
]