[
  {
    "id": "34f79075-481c-4d87-b19d-026a633c19ef",
    "data": [
      {
        "text": "I need tree planting",
        "userDefined": false
      }
    ],
    "isTemplate": false,
    "count": 0,
    "lang": "en",
    "updated": 0
  },
  {
    "id": "9527e8e4-9fc1-4c27-a318-8b1d08b3471f",
    "data": [
      {
        "text": "Request for new streetlight",
        "userDefined": false
      }
    ],
    "isTemplate": false,
    "count": 0,
    "lang": "en",
    "updated": 0
  },
  {
    "id": "8250cd30-0c22-4f98-8b5e-c6021134ddcc",
    "data": [
      {
        "text": "Install dustbin",
        "userDefined": false
      }
    ],
    "isTemplate": false,
    "count": 0,
    "lang": "en",
    "updated": 0
  },
  {
    "id": "8f7ef146-1c8d-4a14-a7dc-d03de695053e",
    "data": [
      {
        "text": "New water connection",
        "userDefined": false
      }
    ],
    "isTemplate": false,
    "count": 0,
    "lang": "en",
    "updated": 0
  },
  {
    "id": "da42f12c-130f-4b28-bf52-c40352b4fa6c",
    "data": [
      {
        "text": "Road construction request",
        "userDefined": false
      }
    ],
    "isTemplate": false,
    "count": 0,
    "lang": "en",
    "updated": 0
  },
  {
    "id": "a146164b-5ce0-4e46-a790-13b9be9f2f0e",
    "data": [
      {
        "text": "Park maintenance",
        "userDefined": false
      }
    ],
    "isTemplate": false,
    "count": 0,
    "lang": "en",
    "updated": 0
  },
  {
    "id": "7469c983-899d-4f7b-9900-f89172550425",
    "data": [
      {
        "text": "Bus stop installation",
        "userDefined": false
      }
    ],
    "isTemplate": false,
    "count": 0,
    "lang": "en",
    "updated": 0
  },
  {
    "id": "f5a5f310-9e9b-4931-921d-5fe166ef8160",
    "data": [
      {
        "text": "Garbage bin needed",
        "userDefined": false
      }
    ],
    "isTemplate": false,
    "count": 0,
    "lang": "en",
    "updated": 0
  },
  {
    "id": "927df949-8ff6-4b72-b6e2-99061570dd6f",
    "data": [
      {
        "text": "Speed breaker required",
        "userDefined": false
      }
    ],
    "isTemplate": false,
    "count": 0,
    "lang": "en",
    "updated": 0
  },
  {
    "id": "ebf9a5d6-fad4-402a-8295-baae3f847338",
    "data": [
      {
        "text": "New civic facility",
        "userDefined": false
      }
    ],
    "isTemplate": false,
    "count": 0,
    "lang": "en",
    "updated": 0
  }
]