[
  {
    "id": "1eb2bda9-9335-4fdc-9f02-9c53c961d5b4",
    "data": [
      {
        "text": "Street light is not working",
        "userDefined": false
      }
    ],
    "isTemplate": false,
    "count": 0,
    "lang": "en",
    "updated": 0
  },
  {
    "id": "e569bb60-7dae-46c0-8fd0-74ec8383747f",
    "data": [
      {
        "text": "Lamp post is broken",
        "userDefined": false
      }
    ],
    "isTemplate": false,
    "count": 0,
    "lang": "en",
    "updated": 0
  },
  {
    "id": "4f262fce-ec39-4a8d-8aa4-ca8662d77bc4",
    "data": [
      {
        "text": "Light is flickering",
        "userDefined": false
      }
    ],
    "isTemplate": false,
    "count": 0,
    "lang": "en",
    "updated": 0
  },
  {
    "id": "154636ed-218f-4dce-bc3b-a1c7f26e0cf9",
    "data": [
      {
        "text": "Street lamp is dim",
        "userDefined": false
      }
    ],
    "isTemplate": false,
    "count": 0,
    "lang": "en",
    "updated": 0
  },
  {
    "id": "89831b7d-3061-4dc7-9f1a-1d6fad15dad2",
    "data": [
      {
        "text": "LED light problem",
        "userDefined": false
      }
    ],
    "isTemplate": false,
    "count": 0,
    "lang": "en",
    "updated": 0
  },
  {
    "id": "7b83a62d-0eae-4250-86be-1edaee82d08e",
    "data": [
      {
        "text": "Solar light not working",
        "userDefined": false
      }
    ],
    "isTemplate": false,
    "count": 0,
    "lang": "en",
    "updated": 0
  },
  {
    "id": "503db7f5-1e8a-4193-8189-8ded5ae0ffe6",
    "data": [
      {
        "text": "Traditional bulb fused",
        "userDefined": false
      }
    ],
    "isTemplate": false,
    "count": 0,
    "lang": "en",
    "updated": 0
  },
  {
    "id": "a916dd33-1f3c-40f0-8d08-d42d4a7fa3ad",
    "data": [
      {
        "text": "Street light damaged",
        "userDefined": false
      }
    ],
    "isTemplate": false,
    "count": 0,
    "lang": "en",
    "updated": 0
  },
  {
    "id": "26f93f28-7a25-4f42-b1fb-7d9a89421752",
    "data": [
      {
        "text": "Light pole fallen",
        "userDefined": false
      }
    ],
    "isTemplate": false,
    "count": 0,
    "lang": "en",
    "updated": 0
  },
  {
    "id": "f8ec2083-f972-42ce-9cf4-e8af0f17c6dd",
    "data": [
      {
        "text": "No street lighting",
        "userDefined": false
      }
    ],
    "isTemplate": false,
    "count": 0,
    "lang": "en",
    "updated": 0
  },
  {
    "id": "8881bbeb-8443-4c35-96fd-9fc7fa5b4a78",
    "data": [
      {
        "text": "Streetlight issue",
        "userDefined": false
      }
    ],
    "isTemplate": false,
    "count": 0,
    "lang": "en",
    "updated": 0
  },
  {
    "id": "6044a2d9-9bee-4e8f-a47d-1d5d74aa8e38",
    "data": [
      {
        "text": "Report streetlight complaint",
        "userDefined": false
      }
    ],
    "isTemplate": false,
    "count": 0,
    "lang": "en",
    "updated": 0
  }
]