[
  {
    "id": "4b74ad74-5307-45ee-88c2-3f78d4ad30b5",
    "data": [
      {
        "text": "Thank you",
        "userDefined": false
      }
    ],
    "isTemplate": false,
    "count": 0,
    "lang": "en",
    "updated": 0
  },
  {
    "id": "bc395da8-2ee8-42e4-a2d6-425d5cb0d9d0",
    "data": [
      {
        "text": "Thanks",
        "userDefined": false
      }
    ],
    "isTemplate": false,
    "count": 0,
    "lang": "en",
    "updated": 0
  },
  {
    "id": "1f4a2233-0c08-4038-8fb0-b7eead5f6ab7",
    "data": [
      {
        "text": "Thanks a lot",
        "userDefined": false
      }
    ],
    "isTemplate": false,
    "count": 0,
    "lang": "en",
    "updated": 0
  },
  {
    "id": "0ee17a7b-82b5-40bf-b7b7-8d4fdc9770cd",
    "data": [
      {
        "text": "Thank you so much",
        "userDefined": false
      }
    ],
    "isTemplate": false,
    "count": 0,
    "lang": "en",
    "updated": 0
  },
  {
    "id": "25362785-0dc7-4ec2-8ff8-99c351113833",
    "data": [
      {
        "text": "Appreciate your help",
        "userDefined": false
      }
    ],
    "isTemplate": false,
    "count": 0,
    "lang": "en",
    "updated": 0
  },
  {
    "id": "d2393d35-ccf5-49ce-b36b-0bdc20a61d6a",
    "data": [
      {
        "text": "Great help",
        "userDefined": false
      }
    ],
    "isTemplate": false,
    "count": 0,
    "lang": "en",
    "updated": 0
  },
  {
    "id": "fdbeb5ab-0b34-4ea7-8f7f-fd62f271a66c",
    "data": [
      {
        "text": "Thanks for assistance",
        "userDefined": false
      }
    ],
    "isTemplate": false,
    "count": 0,
    "lang": "en",
    "updated": 0
  },
  {
    "id": "e506589a-9d52-4755-9924-2f12f02154f4",
    "data": [
      {
        "text": "Good service",
        "userDefined": false
      }
    ],
    "isTemplate": false,
    "count": 0,
    "lang": "en",
    "updated": 0
  },
  {
    "id": "cbdebb05-3839-4b4b-8431-2d2d2c797045",
    "data": [
      {
        "text": "That\u0027s helpful",
        "userDefined": false
      }
    ],
    "isTemplate": false,
    "count": 0,
    "lang": "en",
    "updated": 0
  },
  {
    "id": "d57b25e1-d0c1-4f6a-b872-91b3548b1027",
    "data": [
      {
        "text": "Perfect",
        "userDefined": false
      }
    ],
    "isTemplate": false,
    "count": 0,
    "lang": "en",
    "updated": 0
  },
  {
    "id": "f4d5b213-28d5-483b-a5db-66466d2617a4",
    "data": [
      {
        "text": "thanks u",
        "userDefined": false
      }
    ],
    "isTemplate": false,
    "count": 0,
    "lang": "en",
    "updated": 0
  },
  {
    "id": "95b18804-bc56-47dc-9334-09bd29a4e44d",
    "data": [
      {
        "text": "thanks you",
        "userDefined": false
      }
    ],
    "isTemplate": false,
    "count": 0,
    "lang": "en",
    "updated": 0
  },
  {
    "id": "0c48054d-2e5f-4c1c-8868-539b3b450bd4",
    "data": [
      {
        "text": "thanku",
        "userDefined": false
      }
    ],
    "isTemplate": false,
    "count": 0,
    "lang": "en",
    "updated": 0
  }
]