[
  {
    "id": "34c20422-23fb-47ef-94f0-427d80c23be0",
    "data": [
      {
        "text": "Leakage",
        "meta": "@water_issue_type",
        "alias": "water_issue_type",
        "userDefined": false
      }
    ],
    "isTemplate": false,
    "count": 0,
    "lang": "en",
    "updated": 0
  },
  {
    "id": "e837ed02-6a47-4f77-8906-5c82acccacc0",
    "data": [
      {
        "text": "Low pressure",
        "meta": "@water_issue_type",
        "alias": "water_issue_type",
        "userDefined": false
      }
    ],
    "isTemplate": false,
    "count": 0,
    "lang": "en",
    "updated": 0
  },
  {
    "id": "1dd112ce-3e9d-4da1-a37e-271f956eeab9",
    "data": [
      {
        "text": "No water",
        "meta": "@water_issue_type",
        "alias": "water_issue_type",
        "userDefined": false
      }
    ],
    "isTemplate": false,
    "count": 0,
    "lang": "en",
    "updated": 0
  },
  {
    "id": "1f9713af-75e3-4ce8-aaf4-74f1f33f3aa5",
    "data": [
      {
        "text": "Dirty water",
        "meta": "@water_issue_type",
        "alias": "water_issue_type",
        "userDefined": false
      }
    ],
    "isTemplate": false,
    "count": 0,
    "lang": "en",
    "updated": 0
  },
  {
    "id": "6c3a57e3-7ef7-4bce-b62a-4fdae1bb9f6d",
    "data": [
      {
        "text": "It\u0027s a ",
        "userDefined": false
      },
      {
        "text": "low pressure",
        "meta": "@water_issue_type",
        "alias": "water_issue_type",
        "userDefined": false
      },
      {
        "text": " issue",
        "userDefined": false
      }
    ],
    "isTemplate": false,
    "count": 0,
    "lang": "en",
    "updated": 0
  },
  {
    "id": "89d6b863-16b8-4dc4-bf78-90a3a4676559",
    "data": [
      {
        "text": "low pressur",
        "meta": "@water_issue_type",
        "alias": "water_issue_type",
        "userDefined": false
      }
    ],
    "isTemplate": false,
    "count": 0,
    "lang": "en",
    "updated": 0
  },
  {
    "id": "9bc5527a-7823-4d54-8bea-2f6236580f45",
    "data": [
      {
        "text": "There is ",
        "userDefined": false
      },
      {
        "text": "no water",
        "meta": "@water_issue_type",
        "alias": "water_issue_type",
        "userDefined": false
      }
    ],
    "isTemplate": false,
    "count": 0,
    "lang": "en",
    "updated": 0
  },
  {
    "id": "51d20dcb-7c7f-4a2f-8781-468b4891fc5b",
    "data": [
      {
        "text": "Quality issue",
        "meta": "@water_issue_type",
        "alias": "water_issue_type",
        "userDefined": false
      }
    ],
    "isTemplate": false,
    "count": 0,
    "lang": "en",
    "updated": 0
  },
  {
    "id": "d0f15a71-0395-4bfe-bcb1-3f915b06cf62",
    "data": [
      {
        "text": "Water leakage",
        "meta": "@water_issue_type",
        "alias": "water_issue_type",
        "userDefined": false
      }
    ],
    "isTemplate": false,
    "count": 0,
    "lang": "en",
    "updated": 0
  },
  {
    "id": "0f5020c5-28dc-4b54-9cc1-968da9f6f05f",
    "data": [
      {
        "text": "Contaminated water",
        "meta": "@water_issue_type",
        "alias": "water_issue_type",
        "userDefined": false
      }
    ],
    "isTemplate": false,
    "count": 0,
    "lang": "en",
    "updated": 0
  },
  {
    "id": "d01081f7-4aad-4f05-bb8a-069c264d33b2",
    "data": [
      {
        "text": "water quality problem",
        "meta": "@water_issue_type",
        "alias": "water_issue_type",
        "userDefined": false
      }
    ],
    "isTemplate": false,
    "count": 0,
    "lang": "en",
    "updated": 0
  },
  {
    "id": "5f8a4c68-7eb0-4b56-a97a-f3d3634f2db3",
    "data": [
      {
        "text": "It\u0027s ",
        "userDefined": false
      },
      {
        "text": "contaminated water",
        "meta": "@water_issue_type",
        "alias": "water_issue_type",
        "userDefined": false
      }
    ],
    "isTemplate": false,
    "count": 0,
    "lang": "en",
    "updated": 0
  },
  {
    "id": "fd3a2a2d-9bb3-4b0e-97c8-b507802a38fa",
    "data": [
      {
        "text": "leakage issue",
        "meta": "@water_issue_type",
        "alias": "water_issue_type",
        "userDefined": false
      }
    ],
    "isTemplate": false,
    "count": 0,
    "lang": "en",
    "updated": 0
  },
  {
    "id": "a6f2d243-8db0-43c4-9ec5-7f4f7d8e56a2",
    "data": [
      {
        "text": "leakeage",
        "meta": "@water_issue_type",
        "alias": "water_issue_type",
        "userDefined": false
      }
    ],
    "isTemplate": false,
    "count": 0,
    "lang": "en",
    "updated": 0
  },
  {
    "id": "f4b2c7d5-6c71-45f7-9046-92eaa8e19a30",
    "data": [
      {
        "text": "lekage",
        "meta": "@water_issue_type",
        "alias": "water_issue_type",
        "userDefined": false
      }
    ],
    "isTemplate": false,
    "count": 0,
    "lang": "en",
    "updated": 0
  }
]